-- phpMyAdmin SQL Dump
-- version 4.6.5.2
-- https://www.phpmyadmin.net/
--
-- Host: 127.0.0.1
-- Generation Time: Jan 30, 2018 at 04:19 PM
-- Server version: 10.1.21-MariaDB
-- PHP Version: 7.1.1

SET SQL_MODE = "NO_AUTO_VALUE_ON_ZERO";
SET time_zone = "+00:00";


/*!40101 SET @OLD_CHARACTER_SET_CLIENT=@@CHARACTER_SET_CLIENT */;
/*!40101 SET @OLD_CHARACTER_SET_RESULTS=@@CHARACTER_SET_RESULTS */;
/*!40101 SET @OLD_COLLATION_CONNECTION=@@COLLATION_CONNECTION */;
/*!40101 SET NAMES utf8mb4 */;

--
-- Database: `pylog`
--

-- --------------------------------------------------------

--
-- Table structure for table `category`
--

CREATE TABLE `category` (
  `id` int(11) NOT NULL,
  `name` varchar(33) NOT NULL
) ENGINE=InnoDB DEFAULT CHARSET=utf8;

--
-- Dumping data for table `category`
--

INSERT INTO `category` (`id`, `name`) VALUES
(1, 'علمی'),
(2, 'آموزشی'),
(3, 'اقتصادی'),
(4, 'فرهنگی');

-- --------------------------------------------------------

--
-- Table structure for table `post`
--

CREATE TABLE `post` (
  `id` int(11) NOT NULL,
  `user_id` int(11) NOT NULL,
  `title` varchar(255) NOT NULL,
  `image_url` varchar(255) NOT NULL,
  `content` text NOT NULL,
  `create_at` datetime NOT NULL DEFAULT CURRENT_TIMESTAMP,
  `update_at` datetime DEFAULT CURRENT_TIMESTAMP
) ENGINE=InnoDB DEFAULT CHARSET=utf8 ROW_FORMAT=COMPACT;

--
-- Dumping data for table `post`
--

INSERT INTO `post` (`id`, `user_id`, `title`, `image_url`, `content`, `create_at`, `update_at`) VALUES
(1, 1, 'چرا باید هرروز مطالعه کرد؟', 'course-6.jpg', 'این یک تست برای فلکس استاین یک تست برای فلکس استاین یک تست برای فلکس استاین یک تست برای فلکس استاین یک تست برای فلکس استاین یک تست برای فلکس استاین یک تست برای فلکس است..این یک تست برای فلکس استاین یک تست برای فلکس استاین یک تست برای فلکس استاین یک تست برای فلکس استاین یک تست برای فلکس استاین یک تست برای فلکس استاین یک تست برای فلکس است..این یک تست برای فلکس استاین یک تست برای فلکس استاین یک تست برای فلکس استاین یک تست برای فلکس استاین یک تست برای فلکس استاین یک تست برای فلکس استاین یک تست برای فلکس است..', '2017-12-13 15:30:00', NULL),
(2, 1, 'چرا باید هرروز مطالعه کرد؟', 'blog-7.jpg', 'این یک تست برای فلکس استاین یک تست برای فلکس استاین یک تست برای فلکس استاین یک تست برای فلکس استاین یک تست برای فلکس استاین یک تست برای فلکس استاین یک تست برای فلکس است..این یک تست برای فلکس استاین یک تست برای فلکس استاین یک تست برای فلکس استاین یک تست برای فلکس استاین یک تست برای فلکس استاین یک تست برای فلکس استاین یک تست برای فلکس است..این یک تست برای فلکس استاین یک تست برای فلکس استاین یک تست برای فلکس استاین یک تست برای فلکس استاین یک تست برای فلکس استاین یک تست برای فلکس استاین یک تست برای فلکس است..این یک تست برای فلکس استاین یک تست برای فلکس استاین یک تست برای فلکس استاین یک تست برای فلکس استاین یک تست برای فلکس استاین یک تست برای فلکس استاین یک تست برای فلکس است..', '2017-12-13 15:45:00', NULL),
(3, 2, 'چرا باید هرروز مطالعه کرد؟', 'blog-9.jpg', 'این یک تست برای فلکس استاین یک تست برای فلکس استاین یک تست برای فلکس استاین یک تست برای فلکس استاین یک تست برای فلکس استاین یک تست برای فلکس استاین یک تست برای فلکس است..', '2017-12-13 15:45:00', NULL),
(4, 3, 'چرا باید هرروز مطالعه کرد؟', 'blog-2.jpg', 'این یک تست برای فلکس استاین یک تست برای فلکس استاین یک تست برای فلکس استاین یک تست برای فلکس استاین یک تست برای فلکس استاین یک تست برای فلکس استاین یک تست برای فلکس است..', '2017-12-03 21:55:00', NULL),
(5, 1, 'خبر جدید', 'book-2.jpg', 'این یک خبر جدید است ', '2017-12-08 18:27:09', NULL),
(6, 1, 'خبر جدید', 'blog-9.jpg', ' new report', '2017-12-08 20:49:49', NULL),
(7, 1, 'test', 'blog-9.jpg', 'test', '2018-01-30 18:30:48', NULL),
(8, 1, 'test22', 'blog-9.jpg', 'test22', '2018-01-30 18:44:13', NULL);

-- --------------------------------------------------------

--
-- Table structure for table `post_category`
--

CREATE TABLE `post_category` (
  `post_id` int(11) NOT NULL,
  `category_id` int(11) NOT NULL
) ENGINE=InnoDB DEFAULT CHARSET=utf8;

--
-- Dumping data for table `post_category`
--

INSERT INTO `post_category` (`post_id`, `category_id`) VALUES
(1, 1),
(1, 2),
(2, 2),
(3, 4),
(4, 4),
(5, 3),
(6, 3),
(7, 1),
(8, 1);

-- --------------------------------------------------------

--
-- Table structure for table `sessions`
--

CREATE TABLE `sessions` (
  `id` int(11) NOT NULL,
  `session_id` varchar(255) DEFAULT NULL,
  `data` blob,
  `expiry` datetime DEFAULT NULL
) ENGINE=InnoDB DEFAULT CHARSET=utf8;

--
-- Dumping data for table `sessions`
--

INSERT INTO `sessions` (`id`, `session_id`, `data`, `expiry`) VALUES
(1, 'session:344aeab3-3e26-46ee-8def-e25f75f2fd9a', 0x80037d710028580a0000005f7065726d616e656e7471018858080000005f666c617368657371025d71032858070000006d65737361676571045822000000506c65617365206c6f6720696e20746f20616363657373207468697320706167652e710586710658070000006d65737361676571075822000000506c65617365206c6f6720696e20746f20616363657373207468697320706167652e710886710958070000006d657373616765710a5822000000506c65617365206c6f6720696e20746f20616363657373207468697320706167652e710b86710c58070000006d657373616765710d5822000000506c65617365206c6f6720696e20746f20616363657373207468697320706167652e710e86710f58070000006d65737361676571105822000000506c65617365206c6f6720696e20746f20616363657373207468697320706167652e711186711258070000006d65737361676571135822000000506c65617365206c6f6720696e20746f20616363657373207468697320706167652e711486711558070000006d65737361676571165822000000506c65617365206c6f6720696e20746f20616363657373207468697320706167652e711786711858070000006d65737361676571195822000000506c65617365206c6f6720696e20746f20616363657373207468697320706167652e711a86711b58070000006d657373616765711c5822000000506c65617365206c6f6720696e20746f20616363657373207468697320706167652e711d86711e58070000006d657373616765711f5822000000506c65617365206c6f6720696e20746f20616363657373207468697320706167652e712086712158070000006d65737361676571225822000000506c65617365206c6f6720696e20746f20616363657373207468697320706167652e712386712458070000006d65737361676571255822000000506c65617365206c6f6720696e20746f20616363657373207468697320706167652e712686712758070000006d65737361676571285822000000506c65617365206c6f6720696e20746f20616363657373207468697320706167652e712986712a58070000006d657373616765712b5822000000506c65617365206c6f6720696e20746f20616363657373207468697320706167652e712c86712d58070000006d657373616765712e5822000000506c65617365206c6f6720696e20746f20616363657373207468697320706167652e712f86713058070000006d65737361676571315822000000506c65617365206c6f6720696e20746f20616363657373207468697320706167652e713286713358070000006d65737361676571345822000000506c65617365206c6f6720696e20746f20616363657373207468697320706167652e713586713658070000006d65737361676571375822000000506c65617365206c6f6720696e20746f20616363657373207468697320706167652e71388671396558030000005f6964713a58800000003531613531666330353639363830663838336265323931383064633939393763636331363561383933373664626232396661653636393739346162646537646231366234353934383830343937373432306638653739313034313438303932626435663264656430666132656261623232316131653032653439636437303930713b5807000000757365725f6964713c580100000036713d58060000005f6672657368713e88752e, '2018-02-28 18:04:18'),
(2, 'session:503fd7a9-fbf1-4d90-b8b3-a7df4a17ee7b', 0x80037d7100580a0000005f7065726d616e656e74710188732e, '2018-02-06 09:23:14'),
(3, 'session:321a2e15-4408-450b-ad0b-95692cc96ded', 0x80037d7100580a0000005f7065726d616e656e74710188732e, '2018-02-06 09:23:15'),
(4, 'session:0e348be8-9dc2-43bf-89ab-2516d3566844', 0x80037d7100580a0000005f7065726d616e656e74710188732e, '2018-02-14 18:29:47'),
(5, 'session:6a1e9398-bd17-49e0-84db-7a53e8bf583c', 0x80037d7100580a0000005f7065726d616e656e74710188732e, '2018-02-27 16:10:28'),
(6, 'session:2fb5104a-d6bd-4e3f-9461-5a84a33dc04b', 0x80037d7100580a0000005f7065726d616e656e74710188732e, '2018-02-27 16:10:29'),
(7, 'session:b9341e9a-e8d7-4b97-bcb5-ff74b34730b7', 0x80037d7100580a0000005f7065726d616e656e74710188732e, '2018-02-27 16:10:29'),
(8, 'session:98ba630f-4e34-413d-9238-519421d7a524', 0x80037d7100580a0000005f7065726d616e656e74710188732e, '2018-02-27 16:10:29'),
(9, 'session:a025546c-08a3-4c72-97d1-2a41c7369256', 0x80037d7100580a0000005f7065726d616e656e74710188732e, '2018-02-28 15:10:30'),
(10, 'session:d5532535-80d0-46ed-9a95-d289bea6aa5d', 0x80037d7100580a0000005f7065726d616e656e74710188732e, '2018-02-28 15:10:31'),
(11, 'session:414895b6-8694-47bf-b2ff-d8917ca6c9f6', 0x80037d7100580a0000005f7065726d616e656e74710188732e, '2018-02-28 17:20:26'),
(12, 'session:66ec0a2c-1b2c-478e-84fb-e76ec7fe8de4', 0x80037d7100580a0000005f7065726d616e656e74710188732e, '2018-02-28 17:56:45'),
(13, 'session:d1d57eaf-ce8e-4aa8-abbb-6efa63178f41', 0x80037d7100580a0000005f7065726d616e656e74710188732e, '2018-03-01 04:02:28'),
(14, 'session:33389551-ee7a-4792-a356-0d1eaadc815e', 0x80037d710028580a0000005f7065726d616e656e7471018858030000005f696471025880000000353161353166633035363936383066383833626532393138306463393939376363633136356138393337366462623239666165363639373934616264653764623136623435393438383034393737343230663865373931303431343830393262643566326465643066613265626162323231613165303265343963643730393071035807000000757365725f69647104580100000031710558060000005f6672657368710688752e, '2018-03-02 15:15:28'),
(15, 'session:f72343f9-3d42-48d2-a36b-55af1b06009b', 0x80037d7100580a0000005f7065726d616e656e74710188732e, '2018-03-01 04:19:17'),
(16, 'session:1eee6d7e-16e7-4c73-958b-b3ad53e77a7c', 0x80037d7100580a0000005f7065726d616e656e74710188732e, '2018-03-01 05:39:07'),
(17, 'session:0f9683d0-7840-4c81-bc0d-32ac6b181a3a', 0x80037d7100580a0000005f7065726d616e656e74710188732e, '2018-03-01 06:02:37'),
(18, 'session:0bb9cfbc-a914-433c-a0b7-b12733e2f81d', 0x80037d7100580a0000005f7065726d616e656e74710188732e, '2018-03-01 06:02:37'),
(19, 'session:a9366a30-4056-4e1f-bc68-822332c0ef32', 0x80037d7100580a0000005f7065726d616e656e74710188732e, '2018-03-01 15:09:57'),
(20, 'session:d1138358-869b-4d02-8f84-bbee340c8b20', 0x80037d7100580a0000005f7065726d616e656e74710188732e, '2018-03-01 16:54:43'),
(21, 'session:687a7e20-2e26-4dd9-9048-6b7e5aabe7ab', 0x80037d7100580a0000005f7065726d616e656e74710188732e, '2018-03-01 18:12:18'),
(22, 'session:98712266-ab00-4904-96cf-65640c4d1662', 0x80037d7100580a0000005f7065726d616e656e74710188732e, '2018-03-01 19:26:31'),
(23, 'session:ea829be8-de30-4b85-8b05-5aeaa061d1d0', 0x80037d7100580a0000005f7065726d616e656e74710188732e, '2018-03-02 05:41:24'),
(24, 'session:24101c19-3c92-4dd0-b9ef-57c3fdf63978', 0x80037d7100580a0000005f7065726d616e656e74710188732e, '2018-03-02 08:47:49'),
(25, 'session:71965637-a69d-444c-8da9-c38f59b1f5a7', 0x80037d7100580a0000005f7065726d616e656e74710188732e, '2018-03-02 09:47:29'),
(26, 'session:0c81b702-16bc-4a7c-953e-78964025083a', 0x80037d7100580a0000005f7065726d616e656e74710188732e, '2018-03-02 11:01:54'),
(27, 'session:69fc1faf-e2aa-4598-b06a-63f584a98187', 0x80037d7100580a0000005f7065726d616e656e74710188732e, '2018-03-02 11:01:54'),
(28, 'session:f29b1036-a95d-4a5c-b6e4-a4846aec009a', 0x80037d7100580a0000005f7065726d616e656e74710188732e, '2018-03-02 11:26:04'),
(29, 'session:ef5327fb-4a72-4bfb-874e-85f8caaec1d9', 0x80037d7100580a0000005f7065726d616e656e74710188732e, '2018-03-02 11:50:27'),
(30, 'session:ce677cb3-0f93-40fa-bf6a-043d6b537e20', 0x80037d7100580a0000005f7065726d616e656e74710188732e, '2018-03-02 14:36:33'),
(31, 'session:d1c143aa-3288-437a-8ff3-416f5e2400b4', 0x80037d7100580a0000005f7065726d616e656e74710188732e, '2018-03-02 15:00:52'),
(32, 'session:87b502c1-36f9-48f8-a85c-e9590d7d5919', 0x80037d7100580a0000005f7065726d616e656e74710188732e, '2018-03-02 15:00:52'),
(33, 'session:935070cd-7d5e-48fe-82ca-fe21363d3ed3', 0x80037d7100580a0000005f7065726d616e656e74710188732e, '2018-03-02 15:11:04');

-- --------------------------------------------------------

--
-- Table structure for table `user`
--

CREATE TABLE `user` (
  `id` int(11) NOT NULL,
  `username` varchar(33) NOT NULL,
  `password_hash` varchar(120) NOT NULL,
  `email` varchar(33) NOT NULL,
  `user_role` varchar(255) NOT NULL DEFAULT 'student',
  `status` smallint(6) NOT NULL DEFAULT '0',
  `create_at` date NOT NULL,
  `update_at` date DEFAULT NULL
) ENGINE=InnoDB DEFAULT CHARSET=utf8 ROW_FORMAT=COMPACT;

--
-- Dumping data for table `user`
--

INSERT INTO `user` (`id`, `username`, `password_hash`, `email`, `user_role`, `status`, `create_at`, `update_at`) VALUES
(1, 'admin', 'pbkdf2:sha256:50000$Wu4E91ze$0366e0e90640c7802d694c14465adee1da2c755917497ccae96feb50bd566057', 'nejati.farshad93@gmail.com', 'admin', 1, '0000-00-00', NULL),
(2, 'farshad', 'pbkdf2:sha256:50000$j5VWpfkU$07b0b117cc9b16c84f880c397f4ae0485f2f85deaca09e18757b4793b266fd8d', 'nejati.farshad93@gmail.com', 'professor', 1, '0000-00-00', NULL),
(3, 'farshad2', 'pbkdf2:sha256:50000$eQMPEsXz$43c74f88fef14e4f543476d1378c68ae17396961d04227b2bad59fdb5e8003f8', 'nejati.farshad93@gmail.com', 'student', 1, '0000-00-00', NULL);

--
-- Indexes for dumped tables
--

--
-- Indexes for table `category`
--
ALTER TABLE `category`
  ADD PRIMARY KEY (`id`);

--
-- Indexes for table `post`
--
ALTER TABLE `post`
  ADD PRIMARY KEY (`id`),
  ADD KEY `postid` (`user_id`);

--
-- Indexes for table `post_category`
--
ALTER TABLE `post_category`
  ADD PRIMARY KEY (`post_id`,`category_id`);

--
-- Indexes for table `sessions`
--
ALTER TABLE `sessions`
  ADD PRIMARY KEY (`id`),
  ADD UNIQUE KEY `session_id` (`session_id`);

--
-- Indexes for table `user`
--
ALTER TABLE `user`
  ADD PRIMARY KEY (`id`);

--
-- AUTO_INCREMENT for dumped tables
--

--
-- AUTO_INCREMENT for table `category`
--
ALTER TABLE `category`
  MODIFY `id` int(11) NOT NULL AUTO_INCREMENT, AUTO_INCREMENT=5;
--
-- AUTO_INCREMENT for table `post`
--
ALTER TABLE `post`
  MODIFY `id` int(11) NOT NULL AUTO_INCREMENT, AUTO_INCREMENT=9;
--
-- AUTO_INCREMENT for table `sessions`
--
ALTER TABLE `sessions`
  MODIFY `id` int(11) NOT NULL AUTO_INCREMENT, AUTO_INCREMENT=34;
--
-- AUTO_INCREMENT for table `user`
--
ALTER TABLE `user`
  MODIFY `id` int(11) NOT NULL AUTO_INCREMENT, AUTO_INCREMENT=7;
/*!40101 SET CHARACTER_SET_CLIENT=@OLD_CHARACTER_SET_CLIENT */;
/*!40101 SET CHARACTER_SET_RESULTS=@OLD_CHARACTER_SET_RESULTS */;
/*!40101 SET COLLATION_CONNECTION=@OLD_COLLATION_CONNECTION */;
